{"tetha_xy": 67.54836104040962, "x": 20.366020345483854, "y": 49.28554379317128}