{"y": 186.88124696199856, "x": 182.11137488587906, "tetha_xy": 45.74060645556685}